Date,Open Price,High Price,Low Price,Close Price,WAP,No.of Shares,No. of Trades,Total Turnover (Rs.),Deliverable Quantity,% Deli. Qty to Traded Qty,Spread High-Low,Spread Close-Open
28-June-2024,22.26,22.26,21.59,21.59,21.800000000000000000,30,5,654.00,30,100.00,0.67,-0.67
27-June-2024,22.26,22.26,22.26,22.26,22.253846153846153846,130,5,2893.00,130,100.00,0.00,0.00
26-June-2024,22.26,22.26,22.26,22.26,22.200000000000000000,5,1,111.00,5,100.00,0.00,0.00
25-June-2024,22.26,22.26,22.26,22.26,22.260000000000000000,150,4,3339.00,150,100.00,0.00,0.00
24-June-2024,21.20,21.20,21.20,21.20,21.200000000000000000,15,2,318.00,15,100.00,0.00,0.00
21-June-2024,21.79,21.79,21.13,21.13,21.773658536585365853,1025,2,22318.00,1025,100.00,0.66,-0.66
20-June-2024,20.76,20.76,20.76,20.76,20.738095238095238095,42,6,871.00,42,100.00,0.00,0.00
19-June-2024,20.76,20.76,20.76,20.76,20.757575757575757575,66,6,1370.00,66,100.00,0.00,0.00
18-June-2024,22.99,22.99,21.85,21.85,22.947916666666666666,192,5,4406.00,192,100.00,1.14,-1.14
14-June-2024,23.00,23.00,22.99,22.99,22.996309963099630996,271,6,6232.00,271,100.00,0.01,-0.01
13-June-2024,24.50,24.50,24.20,24.20,24.425000000000000000,40,3,977.00,40,100.00,0.30,-0.30
12-June-2024,24.50,24.50,24.50,24.50,24.496350364963503649,137,6,3356.00,137,100.00,0.00,0.00
11-June-2024,25.46,25.46,24.50,24.50,24.959322033898305084,295,7,7363.00,295,100.00,0.96,-0.96
10-June-2024,25.46,25.46,25.46,25.46,25.459523809523809523,420,9,10693.00,420,100.00,0.00,0.00
7-June-2024,25.46,25.46,25.45,25.46,25.458868894601542416,778,13,19807.00,778,100.00,0.01,0.00
6-June-2024,24.25,24.25,24.25,24.25,24.249679897567221510,781,17,18939.00,781,100.00,0.00,0.00
5-June-2024,22.10,23.10,22.10,23.10,22.106034482758620689,1160,13,25643.00,1160,100.00,1.00,1.00
4-June-2024,21.06,22.10,21.06,22.10,21.368115942028985507,2415,22,51604.00,2415,100.00,1.04,1.04
3-June-2024,21.05,21.05,21.05,21.05,21.045454545454545454,66,5,1389.00,66,100.00,0.00,0.00
31-May-2024,20.09,20.09,20.05,20.05,20.063063063063063063,111,5,2227.00,111,100.00,0.04,-0.04
30-May-2024,18.50,19.14,18.50,19.14,18.805936073059360730,438,9,8237.00,240,54.79,0.64,0.64
29-May-2024,18.23,18.23,18.23,18.23,18.227692307692307692,325,11,5924.00,325,100.00,0.00,0.00
28-May-2024,17.37,17.37,17.37,17.37,17.367132867132867132,286,7,4967.00,286,100.00,0.00,0.00
22-May-2024,16.55,16.55,16.55,16.55,16.533333333333333333,15,4,248.00,15,100.00,0.00,0.00
21-May-2024,16.55,16.55,16.55,16.55,16.533333333333333333,30,4,496.00,30,100.00,0.00,0.00
16-May-2024,16.55,16.55,16.55,16.55,16.500000000000000000,10,2,165.00,10,100.00,0.00,0.00
14-May-2024,16.54,16.55,16.54,16.55,16.540674603174603174,1008,5,16673.00,1008,100.00,0.01,0.01
13-May-2024,17.41,17.41,17.41,17.41,17.403846153846153846,52,1,905.00,52,100.00,0.00,0.00
9-May-2024,18.32,18.32,18.32,18.32,18.300000000000000000,10,1,183.00,10,100.00,0.00,0.00
8-May-2024,18.32,18.32,18.32,18.32,18.320000000000000000,100,1,1832.00,100,100.00,0.00,0.00
7-May-2024,18.32,18.32,18.32,18.32,18.307692307692307692,52,3,952.00,52,100.00,0.00,0.00
6-May-2024,19.28,19.28,19.28,19.28,19.278260869565217391,115,4,2217.00,115,100.00,0.00,0.00
3-May-2024,19.28,19.28,19.28,19.28,19.277108433734939759,83,6,1600.00,83,100.00,0.00,0.00
2-May-2024,20.29,20.29,19.28,19.28,19.298279158699808795,523,7,10093.00,523,100.00,1.01,-1.01
30-April-2024,20.00,20.30,19.95,20.29,20.263111111111111111,1125,20,22796.00,1125,100.00,0.35,0.29
26-April-2024,20.00,20.00,20.00,20.00,20.000000000000000000,12,3,240.00,12,100.00,0.00,0.00
25-April-2024,20.00,20.00,20.00,20.00,20.000000000000000000,3,3,60.00,3,100.00,0.00,0.00
24-April-2024,20.25,20.25,20.25,20.25,20.244444444444444444,90,5,1822.00,90,100.00,0.00,0.00
23-April-2024,20.25,20.25,20.25,20.25,20.235294117647058823,51,3,1032.00,51,100.00,0.00,0.00
22-April-2024,20.30,20.30,20.30,20.30,20.269230769230769230,26,3,527.00,26,100.00,0.00,0.00
19-April-2024,20.30,20.30,20.30,20.30,20.000000000000000000,2,2,40.00,2,100.00,0.00,0.00
18-April-2024,20.30,20.30,20.00,20.00,20.000980392156862745,1020,10,20401.00,1020,100.00,0.30,-0.30
16-April-2024,20.30,20.30,20.30,20.30,20.295774647887323943,71,3,1441.00,71,100.00,0.00,0.00
12-April-2024,20.30,20.30,20.30,20.30,20.297297297297297297,74,3,1502.00,74,100.00,0.00,0.00
10-April-2024,20.30,20.30,20.30,20.30,20.295857988165680473,169,10,3430.00,169,100.00,0.00,0.00
9-April-2024,20.50,20.50,20.30,20.30,20.487804878048780487,123,5,2520.00,120,97.56,0.20,-0.20
8-April-2024,20.50,20.50,20.50,20.50,20.500000000000000000,10,1,205.00,10,100.00,0.00,0.00
5-April-2024,20.50,20.50,20.50,20.50,20.500000000000000000,844,4,17302.00,844,100.00,0.00,0.00
3-April-2024,20.50,20.50,20.50,20.50,20.496296296296296296,135,3,2767.00,135,100.00,0.00,0.00
2-April-2024,21.14,21.14,20.50,20.50,20.585714285714285714,70,6,1441.00,70,100.00,0.64,-0.64
1-April-2024,21.14,21.14,21.14,21.14,21.134751773049645390,141,5,2980.00,141,100.00,0.00,0.00
28-March-2024,21.80,21.80,21.14,21.14,21.142857142857142857,21,3,444.00,21,100.00,0.66,-0.66
27-March-2024,22.00,22.50,21.80,21.80,22.309523809523809523,42,4,937.00,42,100.00,0.70,-0.20
26-March-2024,22.96,22.96,22.94,22.94,22.931372549019607843,102,3,2339.00,102,100.00,0.02,-0.02
22-March-2024,22.97,22.97,22.97,22.97,22.928571428571428571,14,3,321.00,14,100.00,0.00,0.00
21-March-2024,23.69,23.69,23.69,23.69,23.686363636363636363,220,4,5211.00,220,100.00,0.00,0.00
19-March-2024,23.69,23.69,23.69,23.69,23.500000000000000000,4,2,94.00,4,100.00,0.00,0.00
18-March-2024,23.75,23.75,23.69,23.69,23.686274509803921568,51,5,1208.00,51,100.00,0.06,-0.06
15-March-2024,23.75,23.75,23.75,23.75,23.700000000000000000,10,1,237.00,10,100.00,0.00,0.00
4-March-2024,23.76,23.76,23.76,23.76,23.600000000000000000,5,1,118.00,5,100.00,0.00,0.00
29-February-2024,25.00,25.00,25.00,25.00,25.000000000000000000,7,1,175.00,7,100.00,0.00,0.00
19-February-2024,25.25,25.30,25.25,25.30,25.200000000000000000,5,2,126.00,5,100.00,0.05,0.05
9-February-2024,25.30,25.30,25.30,25.30,25.000000000000000000,1,1,25.00,1,100.00,0.00,0.00
25-January-2024,27.80,27.82,25.30,25.30,27.770833333333333333,336,11,9331.00,336,100.00,2.52,-2.50
24-January-2024,26.50,26.50,26.49,26.50,26.492221372098954348,3921,7,103876.00,3921,100.00,0.01,0.00
23-January-2024,25.16,25.26,25.16,25.26,25.176470588235294117,17,5,428.00,17,100.00,0.10,0.10
20-January-2024,24.07,24.07,24.07,24.07,24.065789473684210526,152,6,3658.00,152,100.00,0.00,0.00
19-January-2024,21.84,22.93,21.84,22.93,22.766283524904214559,261,9,5942.00,261,100.00,1.09,1.09
18-January-2024,21.84,21.84,21.22,21.84,21.750000000000000000,16,5,348.00,16,100.00,0.62,0.00
17-January-2024,20.48,21.94,20.48,20.80,21.155574043261231281,1202,12,25429.00,1202,100.00,1.46,0.32
15-January-2024,20.81,20.90,20.81,20.90,20.895161290322580645,372,8,7773.00,372,100.00,0.09,0.09
12-January-2024,21.23,21.23,21.23,21.23,21.227272727272727272,264,2,5604.00,264,100.00,0.00,0.00
11-January-2024,21.23,21.23,21.21,21.23,21.217872968980797636,1354,13,28729.00,1354,100.00,0.02,0.00
9-January-2024,20.22,20.22,20.22,20.22,20.200000000000000000,5,2,101.00,5,100.00,0.00,0.00
8-January-2024,19.00,19.26,19.00,19.26,19.247466216216216216,3552,15,68367.00,3552,100.00,0.26,0.26
4-January-2024,18.35,18.35,18.35,18.35,18.348275862068965517,290,5,5321.00,290,100.00,0.00,0.00
1-January-2024,19.31,19.31,19.31,19.31,19.000000000000000000,2,2,38.00,2,100.00,0.00,0.00
29-December-2023,20.32,20.32,20.32,20.32,20.000000000000000000,1,1,20.00,1,100.00,0.00,0.00
26-December-2023,21.38,21.38,21.38,21.38,21.300000000000000000,10,1,213.00,10,100.00,0.00,0.00
21-December-2023,22.50,22.50,22.50,22.50,22.000000000000000000,1,1,22.00,1,100.00,0.00,0.00
11-December-2023,22.57,22.57,22.57,22.57,22.500000000000000000,12,1,270.00,12,100.00,0.00,0.00
30-November-2023,23.75,23.75,23.75,23.75,23.700000000000000000,10,1,237.00,10,100.00,0.00,0.00
29-November-2023,23.75,23.75,23.75,23.75,23.750000000000000000,4,1,95.00,4,100.00,0.00,0.00
17-November-2023,25.00,25.00,25.00,25.00,25.000000000000000000,14,3,350.00,14,100.00,0.00,0.00
15-November-2023,26.35,26.35,25.00,25.00,25.003649635036496350,274,13,6851.00,274,100.00,1.35,-1.35
13-November-2023,25.10,25.10,25.10,25.10,25.071428571428571428,14,3,351.00,14,100.00,0.00,0.00
12-November-2023,25.72,25.72,24.99,25.03,25.023255813953488372,129,8,3228.00,129,100.00,0.73,-0.69
10-November-2023,24.67,24.67,24.50,24.50,24.514285714285714285,70,4,1716.00,70,100.00,0.17,-0.17
8-November-2023,23.50,23.50,23.50,23.50,23.000000000000000000,1,1,23.00,1,100.00,0.00,0.00
7-November-2023,23.58,23.58,23.00,23.00,23.483333333333333333,120,4,2818.00,120,100.00,0.58,-0.58
6-November-2023,23.59,23.59,21.35,23.58,21.500000000000000000,28,4,602.00,28,100.00,2.24,-0.01
3-November-2023,24.75,24.75,22.47,22.47,22.478468899521531100,209,7,4698.00,209,100.00,2.28,-2.28
2-November-2023,26.00,26.00,23.65,23.65,24.000000000000000000,120,9,2880.00,120,100.00,2.35,-2.35
1-November-2023,25.08,25.08,22.70,24.89,22.738805970149253731,268,11,6094.00,268,100.00,2.38,-0.19
31-October-2023,24.08,24.08,23.89,23.89,23.937500000000000000,16,7,383.00,16,100.00,0.19,-0.19
30-October-2023,23.49,23.49,21.28,22.94,22.820930232558139534,430,10,9813.00,430,100.00,2.21,-0.55
27-October-2023,22.38,22.38,22.38,22.38,22.000000000000000000,1,1,22.00,1,100.00,0.00,0.00
26-October-2023,21.95,21.95,21.95,21.95,21.000000000000000000,1,1,21.00,1,100.00,0.00,0.00
23-October-2023,22.00,22.00,22.00,22.00,22.000000000000000000,102,3,2244.00,102,100.00,0.00,0.00
20-October-2023,22.77,22.77,21.89,21.89,21.889908256880733944,218,3,4772.00,218,100.00,0.88,-0.88
18-October-2023,22.33,22.33,22.33,22.33,22.272727272727272727,11,2,245.00,11,100.00,0.00,0.00
17-October-2023,21.90,21.90,21.90,21.90,21.000000000000000000,1,1,21.00,1,100.00,0.00,0.00
13-October-2023,22.00,22.00,21.90,21.90,21.900000000000000000,10,4,219.00,10,100.00,0.10,-0.10
12-October-2023,22.00,22.00,22.00,22.00,22.000000000000000000,2,1,44.00,2,100.00,0.00,0.00
9-October-2023,22.44,22.44,22.44,22.44,22.000000000000000000,1,1,22.00,1,100.00,0.00,0.00
6-October-2023,22.00,22.00,22.00,22.00,22.000000000000000000,1,1,22.00,1,100.00,0.00,0.00
5-October-2023,22.12,22.12,22.00,22.00,22.000000000000000000,11,3,242.00,11,100.00,0.12,-0.12
4-October-2023,22.12,22.12,22.12,22.12,22.083333333333333333,12,3,265.00,12,100.00,0.00,0.00
3-October-2023,21.72,21.72,21.69,21.69,21.719101123595505617,890,4,19330.00,890,100.00,0.03,-0.03
29-September-2023,21.31,21.31,20.49,21.30,21.000000000000000000,4,4,84.00,4,100.00,0.82,-0.01
28-September-2023,20.90,20.90,20.90,20.90,20.900000000000000000,100,1,2090.00,100,100.00,0.00,0.00
27-September-2023,20.91,20.91,20.91,20.91,20.500000000000000000,2,2,41.00,2,100.00,0.00,0.00
26-September-2023,20.50,20.50,20.50,20.50,20.000000000000000000,1,1,20.00,1,100.00,0.00,0.00
25-September-2023,20.50,20.50,20.50,20.50,20.470588235294117647,17,3,348.00,17,100.00,0.00,0.00
22-September-2023,20.60,20.60,20.50,20.50,20.500000000000000000,4,3,82.00,4,100.00,0.10,-0.10
21-September-2023,20.34,20.34,20.20,20.20,20.142857142857142857,7,2,141.00,7,100.00,0.14,-0.14
20-September-2023,19.95,19.95,19.95,19.95,19.948328267477203647,329,9,6563.00,329,100.00,0.00,0.00
18-September-2023,19.12,19.12,19.00,19.00,19.097656250000000000,768,12,14667.00,768,100.00,0.12,-0.12
15-September-2023,18.21,18.21,18.20,18.21,18.207272727272727272,550,6,10014.00,550,100.00,0.01,0.00
14-September-2023,17.35,18.21,17.35,17.35,17.741163055872291904,877,7,15559.00,877,100.00,0.86,0.00
13-September-2023,17.35,17.35,17.35,17.35,17.349508196721311475,1525,9,26458.00,1525,100.00,0.00,0.00
12-September-2023,15.75,16.53,15.75,16.53,15.996840442338072669,633,10,10126.00,633,100.00,0.78,0.78
11-September-2023,15.95,16.05,15.75,15.75,15.965380811078140454,1011,14,16141.00,1011,100.00,0.30,-0.20
8-September-2023,16.00,16.00,16.00,16.00,16.000000000000000000,151,2,2416.00,151,100.00,0.00,0.00
7-September-2023,16.00,16.00,16.00,16.00,16.000000000000000000,213,4,3408.00,213,100.00,0.00,0.00
6-September-2023,16.15,16.15,16.00,16.00,16.000000000000000000,126,2,2016.00,126,100.00,0.15,-0.15
1-September-2023,16.15,16.15,16.15,16.15,16.000000000000000000,2,2,32.00,2,100.00,0.00,0.00
31-August-2023,16.15,16.15,15.35,16.15,15.628878281622911694,838,12,13097.00,838,100.00,0.80,0.00
30-August-2023,17.00,17.00,16.15,16.15,16.487394957983193277,119,8,1962.00,119,100.00,0.85,-0.85
29-August-2023,17.00,17.00,17.00,17.00,17.000000000000000000,12,3,204.00,12,100.00,0.00,0.00
28-August-2023,17.45,17.45,17.40,17.40,17.447761194029850746,201,2,3507.00,201,100.00,0.05,-0.05
25-August-2023,17.50,17.50,17.50,17.50,17.000000000000000000,1,1,17.00,1,100.00,0.00,0.00
23-August-2023,18.00,18.00,18.00,18.00,18.000000000000000000,15,2,270.00,15,100.00,0.00,0.00
22-August-2023,18.50,18.50,18.50,18.50,18.000000000000000000,1,1,18.00,1,100.00,0.00,0.00
21-August-2023,19.00,19.00,18.50,18.50,18.521739130434782608,23,4,426.00,23,100.00,0.50,-0.50
18-August-2023,19.00,19.00,19.00,19.00,19.000000000000000000,5,1,95.00,5,100.00,0.00,0.00
14-August-2023,19.55,19.55,19.00,19.00,19.390243902439024390,41,4,795.00,41,100.00,0.55,-0.55
11-August-2023,19.55,19.55,19.55,19.55,19.000000000000000000,1,1,19.00,1,100.00,0.00,0.00
10-August-2023,18.80,18.80,18.80,18.80,18.800000000000000000,5,1,94.00,5,100.00,0.00,0.00
8-August-2023,18.80,18.80,18.80,18.80,18.666666666666666666,3,1,56.00,3,100.00,0.00,0.00
4-August-2023,19.72,19.72,18.80,18.80,18.818181818181818181,11,2,207.00,11,100.00,0.92,-0.92
2-August-2023,19.40,20.00,18.43,19.76,19.390697674418604651,215,7,4169.00,215,100.00,1.57,0.36
1-August-2023,19.40,19.40,19.40,19.40,19.000000000000000000,1,1,19.00,1,100.00,0.00,0.00
26-July-2023,19.40,19.40,19.40,19.40,19.000000000000000000,1,1,19.00,1,100.00,0.00,0.00
25-July-2023,19.70,19.70,19.40,19.40,19.644628099173553719,121,3,2377.00,121,100.00,0.30,-0.30
24-July-2023,19.70,19.70,19.70,19.70,19.700000000000000000,10,1,197.00,10,100.00,0.00,0.00
21-July-2023,20.00,20.00,19.70,19.70,19.977443609022556390,1197,11,23913.00,1197,100.00,0.30,-0.30
20-July-2023,19.71,19.71,19.20,19.21,19.484949832775919732,299,8,5826.00,299,100.00,0.51,-0.50
18-July-2023,18.79,18.79,18.79,18.79,18.787072243346007604,263,6,4941.00,263,100.00,0.00,0.00
17-July-2023,18.79,18.79,18.79,18.79,18.790000000000000000,100,2,1879.00,100,100.00,0.00,0.00
13-July-2023,19.77,19.77,19.77,19.77,19.750000000000000000,24,3,474.00,24,100.00,0.00,0.00
12-July-2023,19.77,19.77,19.77,19.77,19.766666666666666666,120,2,2372.00,120,100.00,0.00,0.00
11-July-2023,19.77,19.77,19.77,19.77,19.769948186528497409,965,5,19078.00,965,100.00,0.00,0.00
10-July-2023,19.38,19.38,19.38,19.38,19.377142857142857142,175,4,3391.00,175,100.00,0.00,0.00
7-July-2023,19.00,19.00,19.00,19.00,19.000000000000000000,89,3,1691.00,89,100.00,0.00,0.00
6-July-2023,19.00,19.00,19.00,19.00,19.000000000000000000,2,1,38.00,2,100.00,0.00,0.00
5-July-2023,19.38,19.38,19.00,19.00,19.223897911832946635,862,6,16571.00,862,100.00,0.38,-0.38
4-July-2023,20.00,20.00,19.00,19.00,19.857142857142857142,175,4,3475.00,175,100.00,1.00,-1.00
3-July-2023,20.91,20.91,20.00,20.00,20.000000000000000000,205,4,4100.00,205,100.00,0.91,-0.91
30-June-2023,20.00,20.00,19.43,20.00,19.921225382932166301,457,11,9104.00,457,100.00,0.57,0.00
28-June-2023,19.05,19.05,19.05,19.05,19.049495875343721356,1091,10,20783.00,1091,100.00,0.00,0.00
27-June-2023,19.00,19.00,19.00,19.00,19.000000000000000000,1012,8,19228.00,1012,100.00,0.00,0.00
26-June-2023,18.43,19.00,18.43,18.43,18.650793650793650793,252,7,4700.00,252,100.00,0.57,0.00
23-June-2023,20.20,20.20,18.43,18.43,18.431558935361216730,526,6,9695.00,526,100.00,1.77,-1.77
21-June-2023,19.38,19.38,18.05,19.37,18.064292779426310583,1011,5,18263.00,1011,100.00,1.33,-0.01
20-June-2023,18.91,19.80,18.91,19.00,19.000000000000000000,12,3,228.00,12,100.00,0.89,0.09
19-June-2023,18.91,18.91,18.91,18.91,18.500000000000000000,2,2,37.00,2,100.00,0.00,0.00
16-June-2023,17.50,18.91,17.50,18.91,18.854126679462571976,521,4,9823.00,521,100.00,1.41,1.41
15-June-2023,19.74,19.74,17.96,18.02,18.357552581261950286,523,9,9601.00,523,100.00,1.78,-1.72
14-June-2023,17.22,19.02,17.22,18.90,17.291866028708133971,627,5,10842.00,627,100.00,1.80,1.68
17-May-2023,18.12,18.12,18.12,18.12,18.000000000000000000,1,1,18.00,1,100.00,0.00,0.00
11-May-2023,19.07,19.07,19.07,19.07,19.070000000000000000,1000,7,19070.00,1000,100.00,0.00,0.00
8-May-2023,20.07,20.07,20.07,20.07,20.070000000000000000,900,2,18063.00,900,100.00,0.00,0.00
3-April-2023,20.07,20.07,20.07,20.07,20.000000000000000000,1,1,20.00,1,100.00,0.00,0.00
10-March-2023,21.12,21.12,21.12,21.12,21.116883116883116883,231,3,4878.00,231,100.00,0.00,0.00
9-March-2023,22.23,22.23,22.23,22.23,22.229556650246305418,1015,7,22563.00,1015,100.00,0.00,0.00
8-March-2023,21.18,21.18,21.18,21.18,21.125000000000000000,8,1,169.00,8,100.00,0.00,0.00
6-March-2023,20.18,20.18,20.17,20.18,20.177651783605008268,4233,39,85412.00,4233,100.00,0.01,0.00
3-March-2023,19.22,19.22,19.22,19.22,19.215384615384615384,130,2,2498.00,130,100.00,0.00,0.00
2-March-2023,18.31,18.31,18.31,18.31,18.309771309771309771,1924,10,35228.00,1924,100.00,0.00,0.00
1-March-2023,17.44,17.44,17.44,17.44,17.439807383627608346,623,8,10865.00,623,100.00,0.00,0.00
28-February-2023,16.61,16.61,16.61,16.61,16.571428571428571428,21,3,348.00,21,100.00,0.00,0.00
27-February-2023,15.82,15.82,15.82,15.82,15.809523809523809523,42,2,664.00,42,100.00,0.00,0.00
24-February-2023,15.07,15.07,15.07,15.07,15.069306930693069306,101,2,1522.00,101,100.00,0.00,0.00
23-February-2023,14.36,14.36,14.36,14.36,14.312500000000000000,16,1,229.00,16,100.00,0.00,0.00
22-February-2023,13.68,13.68,13.68,13.68,13.666666666666666666,3,1,41.00,3,100.00,0.00,0.00
21-February-2023,13.03,13.03,13.03,13.03,13.028619528619528619,594,3,7739.00,594,100.00,0.00,0.00
20-February-2023,12.41,12.41,12.41,12.41,12.408163265306122448,245,3,3040.00,245,100.00,0.00,0.00
17-February-2023,11.82,11.82,11.82,11.82,11.764705882352941176,17,4,200.00,17,100.00,0.00,0.00
16-February-2023,11.20,11.26,11.20,11.26,11.198757763975155279,161,2,1803.00,161,100.00,0.06,0.06
15-February-2023,10.73,10.73,10.73,10.73,10.727810650887573964,169,5,1813.00,169,100.00,0.00,0.00
14-February-2023,10.22,10.22,10.22,10.22,10.206349206349206349,63,2,643.00,63,100.00,0.00,0.00
6-February-2023,9.74,9.74,9.74,9.74,9.600000000000000000,5,1,48.00,5,100.00,0.00,0.00
3-February-2023,8.40,9.28,8.40,9.28,8.400000000000000000,5,2,42.00,5,100.00,0.88,0.88
2-February-2023,8.84,8.84,8.84,8.84,8.818181818181818181,11,1,97.00,11,100.00,0.00,0.00
24-January-2023,8.00,8.84,8.00,8.84,8.000000000000000000,1351,2,10808.00,1351,100.00,0.84,0.84
9-January-2023,7.90,8.42,7.90,8.42,8.410714285714285714,112,3,942.00,112,100.00,0.52,0.52
30-December-2022,8.02,8.02,8.02,8.02,8.018461538461538461,325,2,2606.00,325,100.00,0.00,0.00
29-December-2022,8.01,8.01,8.01,8.01,8.000000000000000000,1,1,8.00,1,100.00,0.00,0.00
26-December-2022,8.01,8.01,8.01,8.01,8.000000000000000000,4,1,32.00,4,100.00,0.00,0.00
23-December-2022,8.33,8.33,7.97,7.97,7.970000000000000000,100,2,797.00,100,100.00,0.36,-0.36
21-December-2022,8.33,8.33,8.33,8.33,8.000000000000000000,1,1,8.00,1,100.00,0.00,0.00
20-December-2022,8.33,8.33,8.33,8.33,8.000000000000000000,1,1,8.00,1,100.00,0.00,0.00
13-December-2022,8.33,8.33,8.33,8.33,8.000000000000000000,3,1,24.00,3,100.00,0.00,0.00
9-December-2022,8.50,8.50,8.50,8.50,8.500000000000000000,200,2,1700.00,200,100.00,0.00,0.00
7-December-2022,8.15,8.15,8.10,8.10,8.100000000000000000,100,3,810.00,100,100.00,0.05,-0.05
6-December-2022,7.96,7.96,7.96,7.96,7.000000000000000000,1,1,7.00,1,100.00,0.00,0.00
2-December-2022,7.75,7.75,7.59,7.59,7.588383838383838383,396,4,3005.00,396,100.00,0.16,-0.16
1-December-2022,7.24,7.59,7.23,7.59,7.270857142857142857,1750,3,12724.00,1750,100.00,0.36,0.35
28-November-2022,7.23,7.23,7.23,7.23,7.000000000000000000,1,1,7.00,1,100.00,0.00,0.00
24-November-2022,7.23,7.23,7.23,7.23,7.200000000000000000,10,1,72.00,10,100.00,0.00,0.00
22-November-2022,7.61,7.61,7.61,7.61,7.333333333333333333,3,1,22.00,3,100.00,0.00,0.00
16-November-2022,7.52,7.52,7.52,7.52,7.333333333333333333,3,1,22.00,3,100.00,0.00,0.00
21-October-2022,7.91,7.91,7.91,7.91,7.900000000000000000,10,1,79.00,10,100.00,0.00,0.00
20-October-2022,8.27,8.27,8.27,8.27,8.270000000000000000,100,2,827.00,100,100.00,0.00,0.00
7-October-2022,8.70,8.70,8.70,8.70,8.700000000000000000,10,1,87.00,10,100.00,0.00,0.00
6-October-2022,9.14,9.50,9.14,9.14,9.166666666666666666,120,3,1100.00,120,100.00,0.36,0.00
29-September-2022,9.14,9.14,9.14,9.14,9.000000000000000000,1,1,9.00,1,100.00,0.00,0.00
26-September-2022,8.71,8.71,8.71,8.71,8.681818181818181818,22,1,191.00,,,0.00,0.00
20-September-2022,8.51,8.51,8.51,8.51,8.509803921568627450,51,1,434.00,51,100.00,0.00,0.00
13-September-2022,8.10,8.31,8.10,8.31,8.300970873786407766,103,3,855.00,103,100.00,0.21,0.21
8-September-2022,8.49,8.49,8.49,8.49,8.489208633093525179,139,2,1180.00,139,100.00,0.00,0.00
7-September-2022,8.16,8.16,8.16,8.16,8.000000000000000000,1,1,8.00,1,100.00,0.00,0.00
6-September-2022,8.00,8.00,7.78,7.78,7.941333333333333333,1500,6,11912.00,1500,100.00,0.22,-0.22
5-September-2022,8.16,8.18,8.16,8.18,8.156862745098039215,51,2,416.00,51,100.00,0.02,0.02
2-September-2022,8.58,8.58,8.58,8.58,8.580000000000000000,1200,5,10296.00,,,0.00,0.00
1-September-2022,9.03,9.03,9.03,9.03,9.028571428571428571,35,1,316.00,35,100.00,0.00,0.00
30-August-2022,10.00,10.00,9.50,9.50,9.699398797595190380,499,3,4840.00,499,100.00,0.50,-0.50
29-August-2022,10.00,10.00,10.00,10.00,10.000000000000000000,9,2,90.00,9,100.00,0.00,0.00
26-August-2022,10.00,10.00,10.00,10.00,10.000000000000000000,4,1,40.00,4,100.00,0.00,0.00
23-August-2022,9.91,10.00,9.91,10.00,9.989583333333333333,96,2,959.00,96,100.00,0.09,0.09
18-August-2022,9.91,10.43,9.91,10.43,10.411764705882352941,51,2,531.00,,,0.52,0.52
10-August-2022,10.43,10.43,10.43,10.43,10.430000000000000000,100,1,1043.00,100,100.00,0.00,0.00
18-July-2022,10.43,10.43,10.43,10.43,10.411764705882352941,51,3,531.00,51,100.00,0.00,0.00
14-July-2022,10.43,10.43,10.43,10.43,10.400000000000000000,20,1,208.00,20,100.00,0.00,0.00
13-July-2022,10.43,10.43,10.43,10.43,10.400000000000000000,30,2,312.00,30,100.00,0.00,0.00
12-July-2022,10.43,10.43,10.43,10.43,10.000000000000000000,2,1,20.00,2,100.00,0.00,0.00
8-July-2022,10.43,10.43,10.43,10.43,10.420000000000000000,50,2,521.00,50,100.00,0.00,0.00
7-July-2022,11.51,11.51,10.43,10.43,10.743654822335025380,394,6,4233.00,394,100.00,1.08,-1.08
6-July-2022,10.97,10.97,10.97,10.97,10.960000000000000000,75,4,822.00,75,100.00,0.00,0.00
4-July-2022,10.45,10.45,10.45,10.45,10.000000000000000000,1,1,10.00,1,100.00,0.00,0.00
30-June-2022,10.45,10.45,10.45,10.45,10.400000000000000000,10,1,104.00,10,100.00,0.00,0.00
16-June-2022,11.56,11.56,11.00,11.00,11.375838926174496644,149,3,1695.00,149,100.00,0.56,-0.56
15-June-2022,11.56,11.56,11.56,11.56,11.500000000000000000,4,1,46.00,4,100.00,0.00,0.00
14-June-2022,11.56,11.56,11.56,11.56,11.558558558558558558,111,1,1283.00,111,100.00,0.00,0.00
13-June-2022,11.56,11.56,11.01,11.56,11.550704225352112676,710,10,8201.00,710,100.00,0.55,0.00
10-June-2022,10.75,11.01,10.75,11.01,10.760000000000000000,50,2,538.00,50,100.00,0.26,0.26
9-June-2022,10.50,10.50,10.50,10.50,10.500000000000000000,32,2,336.00,32,100.00,0.00,0.00
8-June-2022,9.88,10.00,9.88,10.00,9.846153846153846153,13,2,128.00,13,100.00,0.12,0.12
7-June-2022,10.40,10.40,10.40,10.40,10.400000000000000000,5,1,52.00,5,100.00,0.00,0.00
6-June-2022,10.40,10.40,10.40,10.40,10.400000000000000000,100,1,1040.00,100,100.00,0.00,0.00
2-June-2022,10.90,10.90,10.90,10.90,10.900000000000000000,200,1,2180.00,200,100.00,0.00,0.00
27-May-2022,10.80,10.80,10.80,10.80,10.800000000000000000,175,1,1890.00,175,100.00,0.00,0.00
24-May-2022,10.80,10.80,10.80,10.80,10.500000000000000000,2,1,21.00,2,100.00,0.00,0.00
23-May-2022,11.05,11.05,10.80,10.80,10.814814814814814814,54,3,584.00,54,100.00,0.25,-0.25
19-May-2022,10.80,10.80,10.80,10.80,10.800000000000000000,15,1,162.00,15,100.00,0.00,0.00
13-May-2022,10.70,10.80,10.70,10.80,10.797385620915032679,153,3,1652.00,153,100.00,0.10,0.10
11-May-2022,10.95,10.95,10.70,10.70,10.500000000000000000,2,2,21.00,2,100.00,0.25,-0.25
10-May-2022,10.70,10.70,10.70,10.70,10.693069306930693069,101,1,1080.00,101,100.00,0.00,0.00
9-May-2022,10.70,10.70,10.70,10.70,10.700000000000000000,10,1,107.00,10,100.00,0.00,0.00
4-May-2022,10.70,10.70,10.70,10.70,10.700000000000000000,50,2,535.00,50,100.00,0.00,0.00
2-May-2022,10.65,10.65,10.65,10.65,10.649122807017543859,399,1,4249.00,399,100.00,0.00,0.00
29-April-2022,10.65,10.65,10.65,10.65,10.646017699115044247,113,3,1203.00,113,100.00,0.00,0.00
28-April-2022,10.65,10.65,10.65,10.65,10.636363636363636363,11,2,117.00,11,100.00,0.00,0.00
21-April-2022,10.65,10.65,10.65,10.65,10.650000000000000000,300,2,3195.00,300,100.00,0.00,0.00
20-April-2022,10.60,10.60,10.60,10.60,10.571428571428571428,7,2,74.00,7,100.00,0.00,0.00
19-April-2022,10.45,10.45,10.45,10.45,10.450000000000000000,200,2,2090.00,200,100.00,0.00,0.00
18-April-2022,10.45,10.45,10.45,10.45,10.431372549019607843,51,2,532.00,51,100.00,0.00,0.00
13-April-2022,11.00,11.00,10.45,10.45,10.600000000000000000,5,4,53.00,5,100.00,0.55,-0.55
7-April-2022,11.00,11.00,11.00,11.00,11.000000000000000000,100,1,1100.00,100,100.00,0.00,0.00
5-April-2022,11.00,11.00,11.00,11.00,11.000000000000000000,1,1,11.00,1,100.00,0.00,0.00
1-April-2022,10.45,11.00,10.45,11.00,10.796178343949044585,157,2,1695.00,157,100.00,0.55,0.55
31-March-2022,11.00,11.00,11.00,11.00,11.000000000000000000,1,1,11.00,1,100.00,0.00,0.00
29-March-2022,11.25,11.25,11.25,11.25,11.243243243243243243,111,3,1248.00,111,100.00,0.00,0.00
23-March-2022,11.80,11.80,11.25,11.25,11.328571428571428571,350,5,3965.00,350,100.00,0.55,-0.55
21-March-2022,12.39,12.39,11.80,11.80,12.370967741935483870,62,3,767.00,62,100.00,0.59,-0.59
16-March-2022,11.80,11.80,11.80,11.80,11.800000000000000000,100,1,1180.00,100,100.00,0.00,0.00
15-March-2022,12.70,12.70,11.80,11.80,11.827586206896551724,87,5,1029.00,87,100.00,0.90,-0.90
14-March-2022,12.42,12.42,12.42,12.42,12.400000000000000000,10,3,124.00,10,100.00,0.00,0.00
11-March-2022,13.72,13.72,12.42,12.42,12.465686274509803921,408,8,5086.00,408,100.00,1.30,-1.30
10-March-2022,13.07,13.07,11.85,13.07,13.030423280423280423,756,12,9851.00,756,100.00,1.22,0.00
9-March-2022,12.45,12.45,11.30,12.45,12.374301675977653631,179,5,2215.00,179,100.00,1.15,0.00
8-March-2022,12.84,12.84,11.85,11.86,11.955752212389380530,113,5,1351.00,113,100.00,0.99,-0.98
7-March-2022,12.84,12.84,12.23,12.23,12.717557251908396946,131,8,1666.00,131,100.00,0.61,-0.61
4-March-2022,12.23,12.23,12.23,12.23,12.000000000000000000,2,2,24.00,2,100.00,0.00,0.00
3-March-2022,11.65,11.65,11.65,11.65,11.000000000000000000,1,1,11.00,1,100.00,0.00,0.00
28-February-2022,11.10,11.10,11.10,11.10,11.100000000000000000,10,1,111.00,,,0.00,0.00
24-February-2022,10.90,11.10,10.90,11.10,11.000000000000000000,3,2,33.00,3,100.00,0.20,0.20
22-February-2022,11.10,11.10,11.10,11.10,11.100000000000000000,10,1,111.00,10,100.00,0.00,0.00
18-February-2022,11.10,11.10,11.10,11.10,11.097222222222222222,144,1,1598.00,144,100.00,0.00,0.00
17-February-2022,11.10,11.10,11.10,11.10,11.000000000000000000,1,1,11.00,1,100.00,0.00,0.00
15-February-2022,11.30,11.30,11.30,11.30,11.000000000000000000,1,1,11.00,1,100.00,0.00,0.00
14-February-2022,11.30,11.30,11.30,11.30,11.298701298701298701,462,2,5220.00,462,100.00,0.00,0.00
11-February-2022,10.75,11.30,10.75,11.30,11.294059405940594059,1010,5,11407.00,1010,100.00,0.55,0.55
10-February-2022,11.86,11.86,11.30,11.30,11.299251870324189526,401,3,4531.00,401,100.00,0.56,-0.56
7-February-2022,12.45,12.45,11.86,11.86,12.439655172413793103,116,4,1443.00,116,100.00,0.59,-0.59
4-February-2022,12.45,12.45,11.86,11.86,12.431192660550458715,109,5,1355.00,109,100.00,0.59,-0.59
3-February-2022,11.86,11.86,11.86,11.86,11.859375000000000000,64,1,759.00,64,100.00,0.00,0.00
2-February-2022,11.85,11.85,11.30,11.30,11.642857142857142857,14,2,163.00,14,100.00,0.55,-0.55
31-January-2022,11.85,11.85,11.85,11.85,11.714285714285714285,7,2,82.00,7,100.00,0.00,0.00
28-January-2022,12.05,12.65,12.05,12.09,12.382978723404255319,188,7,2328.00,188,100.00,0.60,0.04
27-January-2022,12.65,12.65,12.65,12.65,12.648401826484018264,219,9,2770.00,219,100.00,0.00,0.00
25-January-2022,11.45,12.65,11.45,12.65,12.631386861313868613,274,4,3461.00,274,100.00,1.20,1.20
24-January-2022,12.65,12.65,12.05,12.05,12.593220338983050847,118,5,1486.00,118,100.00,0.60,-0.60
21-January-2022,12.30,12.65,12.05,12.65,12.590909090909090909,88,6,1108.00,88,100.00,0.60,0.35
20-January-2022,12.05,12.86,12.05,12.05,12.819444444444444444,72,5,923.00,72,100.00,0.81,0.00
19-January-2022,12.25,12.25,12.25,12.25,12.000000000000000000,2,1,24.00,2,100.00,0.00,0.00
18-January-2022,13.50,13.50,12.85,12.85,13.450000000000000000,100,4,1345.00,100,100.00,0.65,-0.65
17-January-2022,13.80,13.80,13.50,13.50,13.481481481481481481,27,4,364.00,27,100.00,0.30,-0.30
14-January-2022,12.86,13.50,12.25,13.50,12.436144578313253012,415,14,5161.00,415,100.00,1.25,0.64
13-January-2022,12.86,13.50,12.86,12.86,12.860724233983286908,718,7,9234.00,718,100.00,0.64,0.00
12-January-2022,12.86,12.86,12.86,12.86,12.500000000000000000,2,2,25.00,2,100.00,0.00,0.00
11-January-2022,12.22,12.83,12.22,12.25,12.688518231186966640,2578,23,32711.00,2578,100.00,0.61,0.03
10-January-2022,12.22,12.22,12.22,12.22,12.219672131147540983,610,11,7454.00,610,100.00,0.00,0.00
7-January-2022,11.64,11.64,11.64,11.64,11.640000000000000000,25,2,291.00,25,100.00,0.00,0.00
6-January-2022,12.57,12.57,11.40,12.25,12.268750000000000000,800,13,9815.00,800,100.00,1.17,-0.32
5-January-2022,11.65,11.99,11.42,11.99,11.502068965517241379,725,10,8339.00,725,100.00,0.57,0.34
3-January-2022,11.98,12.57,11.42,11.42,11.884834663625997719,1754,15,20846.00,1754,100.00,1.15,-0.56
31-December-2021,11.41,11.98,10.85,11.98,10.902912621359223300,206,6,2246.00,206,100.00,1.13,0.57
30-December-2021,11.41,11.41,11.41,11.41,11.400000000000000000,10,1,114.00,10,100.00,0.00,0.00
29-December-2021,11.09,11.41,11.09,11.41,11.100267379679144385,748,6,8303.00,748,100.00,0.32,0.32
28-December-2021,11.35,11.35,10.80,10.87,10.896226415094339622,106,5,1155.00,106,100.00,0.55,-0.48
27-December-2021,12.50,12.50,11.35,11.35,12.462121212121212121,264,10,3290.00,264,100.00,1.15,-1.15
24-December-2021,11.91,11.91,11.91,11.91,11.875000000000000000,16,3,190.00,16,100.00,0.00,0.00
22-December-2021,11.35,11.35,11.35,11.35,11.347826086956521739,46,1,522.00,46,100.00,0.00,0.00
21-December-2021,10.81,10.81,10.81,10.81,10.809523809523809523,126,3,1362.00,126,100.00,0.00,0.00
20-December-2021,10.76,11.29,10.30,10.30,11.238554216867469879,830,13,9328.00,830,100.00,0.99,-0.46
17-December-2021,10.55,11.65,10.55,10.76,11.546742209631728045,353,9,4076.00,353,100.00,1.10,0.21
16-December-2021,11.15,11.15,11.10,11.10,11.100281162136832239,1067,7,11844.00,1067,100.00,0.05,-0.05
15-December-2021,11.65,12.86,11.64,11.64,12.333333333333333333,354,10,4366.00,354,100.00,1.22,-0.01
14-December-2021,12.21,13.10,12.21,12.25,12.412000000000000000,250,12,3103.00,250,100.00,0.89,0.04
13-December-2021,13.50,13.50,12.85,12.85,13.027777777777777777,36,8,469.00,36,100.00,0.65,-0.65
10-December-2021,13.50,13.50,13.50,13.50,13.500000000000000000,10,1,135.00,10,100.00,0.00,0.00
9-December-2021,14.20,14.20,14.20,14.20,14.187500000000000000,16,3,227.00,16,100.00,0.00,0.00
1-December-2021,14.95,14.95,14.90,14.90,14.500000000000000000,2,2,29.00,2,100.00,0.05,-0.05
25-November-2021,14.25,14.25,14.25,14.25,14.000000000000000000,1,1,14.00,1,100.00,0.00,0.00
23-November-2021,14.50,14.50,14.25,14.25,14.333333333333333333,3,2,43.00,3,100.00,0.25,-0.25
22-November-2021,14.27,14.27,14.25,14.25,14.261818181818181818,550,2,7844.00,550,100.00,0.02,-0.02
18-November-2021,14.27,14.27,14.27,14.27,14.200000000000000000,10,1,142.00,10,100.00,0.00,0.00
17-November-2021,13.65,14.32,13.00,14.32,13.106032906764168190,547,4,7169.00,547,100.00,1.32,0.67
16-November-2021,13.65,13.65,13.65,13.65,13.644736842105263157,76,1,1037.00,76,100.00,0.00,0.00
15-November-2021,13.75,13.75,13.65,13.65,13.733630952380952380,672,3,9229.00,672,100.00,0.10,-0.10
12-November-2021,13.10,13.10,13.10,13.10,13.100000000000000000,1010,3,13231.00,1010,100.00,0.00,0.00
11-November-2021,12.60,12.60,12.50,12.50,12.504504504504504504,222,4,2776.00,222,100.00,0.10,-0.10
10-November-2021,12.60,12.60,12.00,12.00,12.189189189189189189,37,3,451.00,37,100.00,0.60,-0.60
9-November-2021,12.60,12.60,12.60,12.60,12.594339622641509433,106,3,1335.00,106,100.00,0.00,0.00
8-November-2021,12.35,12.35,12.35,12.35,12.350000000000000000,100,1,1235.00,100,100.00,0.00,0.00
4-November-2021,11.80,11.80,11.80,11.80,11.800000000000000000,10,1,118.00,10,100.00,0.00,0.00
1-November-2021,11.80,11.80,11.80,11.80,11.800000000000000000,20,1,236.00,20,100.00,0.00,0.00
27-October-2021,11.80,11.80,11.80,11.80,11.800000000000000000,300,3,3540.00,300,100.00,0.00,0.00
26-October-2021,11.80,11.80,11.80,11.80,11.800000000000000000,155,2,1829.00,155,100.00,0.00,0.00
22-October-2021,11.81,11.81,11.81,11.81,11.800000000000000000,10,1,118.00,10,100.00,0.00,0.00
20-October-2021,11.81,11.81,11.81,11.81,11.000000000000000000,1,1,11.00,1,100.00,0.00,0.00
19-October-2021,11.25,11.25,11.25,11.25,11.250000000000000000,260,4,2925.00,260,100.00,0.00,0.00
18-October-2021,11.75,11.75,11.20,11.25,11.694915254237288135,1180,7,13800.00,1180,100.00,0.55,-0.50
14-October-2021,12.34,12.34,11.75,11.75,12.328571428571428571,560,3,6904.00,560,100.00,0.59,-0.59
13-October-2021,12.40,12.40,12.34,12.34,12.379157427937915742,451,4,5583.00,451,100.00,0.06,-0.06
12-October-2021,11.76,12.34,11.76,12.34,11.789473684210526315,418,8,4928.00,418,100.00,0.58,0.58
11-October-2021,11.75,11.76,11.75,11.76,11.750000000000000000,44,6,517.00,44,100.00,0.01,0.01
7-October-2021,11.20,11.20,11.20,11.20,11.111111111111111111,9,1,100.00,9,100.00,0.00,0.00
5-October-2021,10.40,11.10,10.40,11.10,11.073076923076923076,260,2,2879.00,260,100.00,0.70,0.70
30-September-2021,10.90,10.90,10.90,10.90,10.900000000000000000,100,1,1090.00,100,100.00,0.00,0.00
29-September-2021,10.70,10.80,10.70,10.80,10.766666666666666666,30,2,323.00,30,100.00,0.10,0.10
28-September-2021,11.80,11.80,11.25,11.25,11.772727272727272727,242,2,2849.00,242,100.00,0.55,-0.55
24-September-2021,10.70,11.80,10.70,11.80,11.006849315068493150,146,4,1607.00,146,100.00,1.10,1.10
23-September-2021,11.25,11.25,11.25,11.25,11.244897959183673469,49,2,551.00,49,100.00,0.00,0.00
22-September-2021,11.80,11.80,11.80,11.80,11.000000000000000000,1,1,11.00,1,100.00,0.00,0.00
21-September-2021,11.80,11.80,11.80,11.80,11.000000000000000000,1,1,11.00,1,100.00,0.00,0.00
14-September-2021,12.02,12.02,12.02,12.02,12.000000000000000000,40,1,480.00,40,100.00,0.00,0.00
9-September-2021,12.02,12.02,12.02,12.02,12.019607843137254901,51,2,613.00,51,100.00,0.00,0.00
7-September-2021,11.45,11.45,11.45,11.45,11.000000000000000000,1,1,11.00,1,100.00,0.00,0.00
6-September-2021,11.20,11.20,11.20,11.20,11.200000000000000000,10,1,112.00,10,100.00,0.00,0.00
3-September-2021,11.75,11.75,11.75,11.75,11.000000000000000000,1,1,11.00,1,100.00,0.00,0.00
31-August-2021,12.35,12.35,12.35,12.35,12.300000000000000000,10,1,123.00,10,100.00,0.00,0.00
30-August-2021,12.60,12.95,12.60,12.95,12.949525237381309345,2001,3,25912.00,2001,100.00,0.35,0.35
27-August-2021,12.35,13.35,12.35,12.35,12.383351893095768374,3592,10,44481.00,3592,100.00,1.00,0.00
26-August-2021,13.00,13.00,13.00,13.00,13.000000000000000000,50,1,650.00,50,100.00,0.00,0.00
25-August-2021,15.10,15.10,13.68,13.68,13.708333333333333333,24,4,329.00,24,100.00,1.42,-1.42
24-August-2021,14.40,14.40,14.40,14.40,14.000000000000000000,1,1,14.00,1,100.00,0.00,0.00
23-August-2021,13.75,13.75,13.75,13.75,13.000000000000000000,1,1,13.00,1,100.00,0.00,0.00
20-August-2021,13.10,13.10,13.10,13.10,13.100000000000000000,10,1,131.00,10,100.00,0.00,0.00
16-August-2021,12.49,12.49,12.49,12.49,12.490000000000000000,100,2,1249.00,100,100.00,0.00,0.00
13-August-2021,11.90,12.49,11.90,12.49,12.363636363636363636,11,2,136.00,11,100.00,0.59,0.59
12-August-2021,11.90,11.90,11.90,11.90,11.900000000000000000,10,1,119.00,10,100.00,0.00,0.00
11-August-2021,11.37,11.37,11.37,11.37,11.370000000000000000,300,2,3411.00,300,100.00,0.00,0.00
10-August-2021,10.82,10.83,10.82,10.83,10.811764705882352941,85,2,919.00,85,100.00,0.01,0.01
9-August-2021,11.37,11.37,10.82,10.82,10.820909090909090909,1100,2,11903.00,1100,100.00,0.55,-0.55
6-August-2021,10.83,11.37,10.31,11.37,11.202111613876319758,663,5,7427.00,663,100.00,1.06,0.54
2-August-2021,11.97,11.97,10.83,10.83,11.852017937219730941,223,3,2643.00,223,100.00,1.14,-1.14
29-July-2021,11.01,11.40,11.01,11.40,11.271739130434782608,184,3,2074.00,184,100.00,0.39,0.39
28-July-2021,11.40,11.40,11.40,11.40,11.363636363636363636,22,1,250.00,22,100.00,0.00,0.00
27-July-2021,11.40,11.40,11.40,11.40,11.000000000000000000,1,1,11.00,1,100.00,0.00,0.00
26-July-2021,11.48,11.48,11.45,11.45,11.400000000000000000,5,4,57.00,5,100.00,0.03,-0.03
23-July-2021,10.94,10.94,10.94,10.94,10.833333333333333333,6,2,65.00,6,100.00,0.00,0.00
22-July-2021,10.94,10.94,10.94,10.94,10.900000000000000000,10,1,109.00,10,100.00,0.00,0.00
20-July-2021,10.94,10.94,10.94,10.94,10.935323383084577114,201,4,2198.00,201,100.00,0.00,0.00
19-July-2021,10.42,10.42,10.42,10.42,10.410256410256410256,78,4,812.00,78,100.00,0.00,0.00
16-July-2021,9.93,9.93,9.93,9.93,9.930000000000000000,500,1,4965.00,500,100.00,0.00,0.00
15-July-2021,11.19,11.29,10.23,10.45,11.187269372693726937,1084,12,12127.00,1084,100.00,1.06,-0.74
14-July-2021,10.76,10.76,10.76,10.76,10.758620689655172413,609,4,6552.00,609,100.00,0.00,0.00
13-July-2021,10.25,10.25,9.29,10.25,9.707547169811320754,742,11,7203.00,742,100.00,0.96,0.00
12-July-2021,9.77,9.77,8.85,9.77,9.176753782668500687,1454,14,13343.00,1454,100.00,0.92,0.00
9-July-2021,8.60,9.31,8.60,9.31,8.603960396039603960,101,2,869.00,101,100.00,0.71,0.71
8-July-2021,8.87,8.87,8.86,8.87,8.860905349794238683,2430,24,21532.00,2430,100.00,0.01,0.00
7-July-2021,9.30,10.24,9.28,9.32,9.400990099009900990,202,7,1899.00,202,100.00,0.96,0.02
6-July-2021,9.77,9.77,9.76,9.76,9.767543859649122807,228,4,2227.00,228,100.00,0.01,-0.01
5-July-2021,10.81,10.81,10.27,10.27,10.741258741258741258,572,4,6144.00,572,100.00,0.54,-0.54
2-July-2021,10.81,10.81,10.81,10.81,10.769230769230769230,13,4,140.00,13,100.00,0.00,0.00
30-June-2021,10.30,10.30,10.30,10.30,10.300000000000000000,500,2,5150.00,500,100.00,0.00,0.00
28-June-2021,9.81,9.81,9.81,9.81,9.805825242718446601,103,2,1010.00,103,100.00,0.00,0.00
25-June-2021,9.00,9.35,9.00,9.35,9.312500000000000000,560,3,5215.00,560,100.00,0.35,0.35
23-June-2021,8.95,8.95,8.95,8.95,8.950000000000000000,100,1,895.00,100,100.00,0.00,0.00
22-June-2021,8.95,8.95,8.95,8.95,8.950000000000000000,300,4,2685.00,300,100.00,0.00,0.00
18-June-2021,9.42,9.42,8.95,8.95,9.077117572692793931,791,3,7180.00,791,100.00,0.47,-0.47
17-June-2021,9.90,9.90,9.42,9.42,9.468000000000000000,500,2,4734.00,500,100.00,0.48,-0.48
16-June-2021,10.41,10.41,9.89,9.90,9.996000000000000000,250,4,2499.00,250,100.00,0.52,-0.51
15-June-2021,10.41,10.41,9.89,10.41,10.381578947368421052,4256,15,44184.00,4256,100.00,0.52,0.00
14-June-2021,10.41,10.41,10.41,10.41,10.409230769230769230,325,6,3383.00,325,100.00,0.00,0.00
11-June-2021,11.46,11.46,10.89,10.95,11.042397660818713450,684,10,7553.00,684,100.00,0.57,-0.51
9-June-2021,11.46,11.46,11.46,11.46,11.460000000000000000,100,1,1146.00,100,100.00,0.00,0.00
8-June-2021,12.06,12.06,12.06,12.06,12.058558558558558558,666,4,8031.00,666,100.00,0.00,0.00
7-June-2021,12.80,12.80,12.69,12.69,12.799059929494712103,851,3,10892.00,851,100.00,0.11,-0.11
4-June-2021,12.60,13.12,12.60,13.12,12.826923076923076923,260,6,3335.00,260,100.00,0.52,0.52
24-May-2021,12.50,13.12,12.50,13.12,12.765000000000000000,200,3,2553.00,200,100.00,0.62,0.62
14-May-2021,12.50,12.50,12.50,12.50,12.500000000000000000,140,3,1750.00,140,100.00,0.00,0.00
12-May-2021,12.50,12.50,12.50,12.50,12.500000000000000000,10,1,125.00,10,100.00,0.00,0.00
10-May-2021,13.00,13.00,13.00,13.00,13.000000000000000000,1,1,13.00,1,100.00,0.00,0.00
26-March-2021,13.00,13.00,13.00,13.00,13.000000000000000000,99,1,1287.00,99,100.00,0.00,0.00
25-March-2021,13.00,13.00,13.00,13.00,13.000000000000000000,20,1,260.00,20,100.00,0.00,0.00
10-March-2021,13.00,13.00,13.00,13.00,13.000000000000000000,10,1,130.00,10,100.00,0.00,0.00
9-March-2021,14.20,14.20,13.54,13.54,13.500000000000000000,2,2,27.00,2,100.00,0.66,-0.66
17-February-2021,15.00,15.00,14.25,14.25,14.666666666666666666,3,2,44.00,3,100.00,0.75,-0.75
10-February-2021,15.00,15.00,15.00,15.00,15.000000000000000000,10,2,150.00,10,100.00,0.00,0.00
9-February-2021,15.00,15.00,15.00,15.00,15.000000000000000000,103,3,1545.00,103,100.00,0.00,0.00
27-January-2021,15.10,15.30,15.10,15.30,15.240000000000000000,1000,4,15240.00,1000,100.00,0.20,0.20
5-January-2021,15.30,15.30,15.30,15.30,15.300000000000000000,10,1,153.00,10,100.00,0.00,0.00
16-December-2020,15.40,15.40,15.40,15.40,15.000000000000000000,1,1,15.00,1,100.00,0.00,0.00
19-October-2020,16.03,16.03,16.03,16.03,16.000000000000000000,5,1,80.00,5,100.00,0.00,0.00
28-September-2020,16.03,16.03,16.03,16.03,16.000000000000000000,10,1,160.00,10,100.00,0.00,0.00
18-September-2020,15.27,15.27,15.27,15.27,15.269947178204058938,3597,13,54926.00,3597,100.00,0.00,0.00
17-September-2020,14.55,14.55,14.55,14.55,14.500000000000000000,14,4,203.00,14,100.00,0.00,0.00
16-September-2020,13.86,13.86,13.80,13.86,13.764705882352941176,17,3,234.00,17,100.00,0.06,0.00
15-September-2020,13.20,13.20,13.20,13.20,13.190476190476190476,21,1,277.00,21,100.00,0.00,0.00
9-September-2020,13.10,13.65,13.10,13.20,13.562639821029082774,1788,12,24250.00,1788,100.00,0.55,0.10
8-September-2020,12.90,13.02,12.90,13.00,12.992474129821260583,1063,10,13811.00,1063,100.00,0.12,0.10
7-September-2020,12.50,12.50,12.40,12.40,12.363636363636363636,11,2,136.00,11,100.00,0.10,-0.10
4-September-2020,13.00,13.00,13.00,13.00,13.000000000000000000,1131,14,14703.00,1131,100.00,0.00,0.00
3-September-2020,12.89,12.89,12.25,12.89,12.658859470468431771,982,14,12431.00,982,100.00,0.64,0.00
2-September-2020,12.89,12.89,12.89,12.89,12.888636363636363636,440,5,5671.00,440,100.00,0.00,0.00
1-September-2020,12.31,12.31,12.00,12.28,12.300798580301685891,3381,29,41589.00,3381,100.00,0.31,-0.03
31-August-2020,11.73,11.73,11.73,11.73,11.729738894540522210,2949,13,34591.00,2949,100.00,0.00,0.00
28-August-2020,11.18,11.18,11.15,11.18,11.166666666666666666,72,6,804.00,72,100.00,0.03,0.00
27-August-2020,10.65,10.65,10.65,10.65,10.649685174585002862,1747,7,18605.00,1747,100.00,0.00,0.00
26-August-2020,10.15,10.65,10.15,10.65,10.598000000000000000,1000,6,10598.00,1000,100.00,0.50,0.50
21-August-2020,10.30,10.30,10.15,10.15,10.181818181818181818,33,4,336.00,33,100.00,0.15,-0.15
14-August-2020,9.90,9.90,9.70,9.90,9.831683168316831683,101,6,993.00,101,100.00,0.20,0.00
12-August-2020,10.86,10.86,10.00,10.00,10.783743842364532019,2030,17,21891.00,2030,100.00,0.86,-0.86
11-August-2020,10.45,10.45,10.35,10.35,10.360000000000000000,25,3,259.00,25,100.00,0.10,-0.10
7-August-2020,10.45,10.45,10.45,10.45,10.400000000000000000,10,1,104.00,10,100.00,0.00,0.00
6-August-2020,10.65,11.18,10.50,10.50,10.747982062780269058,1115,13,11984.00,1115,100.00,0.68,-0.15
5-August-2020,10.65,10.65,10.65,10.65,10.640000000000000000,25,1,266.00,25,100.00,0.00,0.00
3-August-2020,10.65,10.65,10.65,10.65,10.600000000000000000,10,1,106.00,10,100.00,0.00,0.00
28-July-2020,11.22,11.22,10.65,10.65,10.889273356401384083,578,6,6294.00,578,100.00,0.57,-0.57
27-July-2020,10.69,10.69,10.69,10.69,10.000000000000000000,1,1,10.00,1,100.00,0.00,0.00
22-July-2020,10.69,10.69,10.69,10.69,10.000000000000000000,1,1,10.00,1,100.00,0.00,0.00
21-July-2020,10.69,10.69,10.69,10.69,10.000000000000000000,1,1,10.00,1,100.00,0.00,0.00
9-July-2020,10.69,10.69,10.69,10.69,10.666666666666666666,21,2,224.00,21,100.00,0.00,0.00
2-July-2020,11.25,11.25,10.69,10.69,11.236790606653620352,511,3,5742.00,511,100.00,0.56,-0.56
1-July-2020,11.46,11.46,11.25,11.25,11.459165154264972776,1102,9,12628.00,1102,100.00,0.21,-0.21
30-June-2020,10.92,10.92,10.92,10.92,10.909090909090909090,11,3,120.00,11,100.00,0.00,0.00
29-June-2020,10.00,10.92,10.00,10.92,10.018371400198609731,2014,13,20177.00,2014,100.00,0.92,0.92
26-June-2020,10.40,10.40,10.40,10.40,10.400000000000000000,205,3,2132.00,205,100.00,0.00,0.00
25-June-2020,11.00,11.00,10.93,10.93,10.973770491803278688,305,4,3347.00,305,100.00,0.07,-0.07
24-June-2020,11.50,11.50,11.50,11.50,11.500000000000000000,100,2,1150.00,100,100.00,0.00,0.00
22-June-2020,12.60,12.60,11.40,11.50,11.650566037735849056,1325,11,15437.00,1325,100.00,1.20,-1.10
19-June-2020,12.00,12.00,12.00,12.00,12.000000000000000000,25,1,300.00,25,100.00,0.00,0.00
18-June-2020,12.60,12.60,12.00,12.00,12.428571428571428571,350,6,4350.00,350,100.00,0.60,-0.60
17-June-2020,13.25,13.25,12.00,12.00,13.164705882352941176,170,7,2238.00,170,100.00,1.25,-1.25
16-June-2020,12.62,12.62,12.62,12.62,12.619158878504672897,856,11,10802.00,856,100.00,0.00,0.00
15-June-2020,12.02,12.02,12.02,12.02,12.017241379310344827,116,3,1394.00,116,100.00,0.00,0.00
3-June-2020,12.02,12.02,12.02,12.02,12.014388489208633093,139,2,1670.00,139,100.00,0.00,0.00
27-April-2020,11.45,11.45,11.45,11.45,11.000000000000000000,1,1,11.00,1,100.00,0.00,0.00
22-April-2020,10.98,11.55,10.98,11.55,11.400000000000000000,10,2,114.00,10,100.00,0.57,0.57
20-April-2020,11.55,11.55,11.00,11.55,11.011758941695247427,2041,7,22475.00,2041,100.00,0.55,0.00
20-March-2020,11.00,11.00,11.00,11.00,11.000000000000000000,30,2,330.00,30,100.00,0.00,0.00
14-February-2020,11.00,11.00,11.00,11.00,11.000000000000000000,1,1,11.00,1,100.00,0.00,0.00
7-February-2020,11.55,11.55,11.00,11.00,11.142857142857142857,7,2,78.00,7,100.00,0.55,-0.55
6-February-2020,11.82,11.82,11.00,11.00,11.780487804878048780,41,2,483.00,41,100.00,0.82,-0.82
28-January-2020,11.26,11.26,11.26,11.26,11.000000000000000000,1,1,11.00,1,100.00,0.00,0.00
21-January-2020,11.26,11.26,11.26,11.26,11.000000000000000000,2,1,22.00,2,100.00,0.00,0.00
10-December-2019,10.73,10.73,10.73,10.73,10.000000000000000000,1,1,10.00,1,100.00,0.00,0.00
9-December-2019,10.73,10.73,10.73,10.73,10.666666666666666666,6,2,64.00,6,100.00,0.00,0.00
21-November-2019,10.22,10.22,10.22,10.22,10.218750000000000000,32,1,327.00,32,100.00,0.00,0.00
20-November-2019,10.75,10.75,10.75,10.75,10.700000000000000000,10,1,107.00,10,100.00,0.00,0.00
18-November-2019,11.31,11.31,11.31,11.31,11.285714285714285714,21,1,237.00,21,100.00,0.00,0.00
31-October-2019,11.32,11.32,11.32,11.32,11.300000000000000000,20,2,226.00,20,100.00,0.00,0.00
27-October-2019,11.32,11.32,11.32,11.32,11.000000000000000000,1,1,11.00,1,100.00,0.00,0.00
22-October-2019,11.32,11.32,11.32,11.32,11.000000000000000000,1,1,11.00,1,100.00,0.00,0.00
18-October-2019,11.32,11.32,11.32,11.32,11.000000000000000000,1,1,11.00,1,100.00,0.00,0.00
17-October-2019,11.32,11.32,11.32,11.32,11.277777777777777777,18,2,203.00,18,100.00,0.00,0.00
1-October-2019,11.90,11.90,11.90,11.90,11.900000000000000000,50,2,595.00,50,100.00,0.00,0.00
20-September-2019,11.90,11.90,11.90,11.90,11.900000000000000000,10,1,119.00,10,100.00,0.00,0.00
19-September-2019,11.93,11.93,11.93,11.93,11.800000000000000000,5,1,59.00,5,100.00,0.00,0.00
28-August-2019,11.37,11.37,11.37,11.37,11.000000000000000000,1,1,11.00,1,100.00,0.00,0.00
26-August-2019,11.37,11.37,11.37,11.37,11.000000000000000000,1,1,11.00,1,100.00,0.00,0.00
23-August-2019,10.90,11.40,10.90,11.40,11.000000000000000000,3,3,33.00,3,100.00,0.50,0.50
23-April-2019,10.90,10.90,10.90,10.90,10.750000000000000000,4,1,43.00,4,100.00,0.00,0.00
22-April-2019,10.90,10.90,10.90,10.90,10.500000000000000000,2,1,21.00,2,100.00,0.00,0.00
18-April-2019,10.98,10.98,10.98,10.98,10.000000000000000000,1,1,10.00,1,100.00,0.00,0.00
11-March-2019,10.98,10.98,10.98,10.98,10.979894179894179894,1890,4,20752.00,1890,100.00,0.00,0.00
5-March-2019,11.55,11.55,11.55,11.55,11.400000000000000000,5,1,57.00,5,100.00,0.00,0.00
1-March-2019,11.55,11.55,11.55,11.55,11.400000000000000000,5,1,57.00,5,100.00,0.00,0.00
28-February-2019,11.55,11.55,11.55,11.55,11.000000000000000000,1,1,11.00,1,100.00,0.00,0.00
15-January-2019,11.55,11.55,11.55,11.55,11.544554455445544554,101,2,1166.00,101,100.00,0.00,0.00
18-December-2018,11.55,11.55,11.55,11.55,11.500000000000000000,10,1,115.00,10,100.00,0.00,0.00
12-December-2018,11.55,11.55,11.55,11.55,11.545454545454545454,55,2,635.00,55,100.00,0.00,0.00
6-November-2018,11.55,11.55,11.55,11.55,11.000000000000000000,1,1,11.00,1,100.00,0.00,0.00
12-September-2018,11.55,11.55,11.55,11.55,11.550000000000000000,20,2,231.00,20,100.00,0.00,0.00
29-May-2018,11.55,11.55,11.55,11.55,11.000000000000000000,1,1,11.00,1,100.00,0.00,0.00
14-March-2018,11.00,11.00,11.00,11.00,11.000000000000000000,100,1,1100.00,100,100.00,0.00,0.00
22-February-2018,11.00,11.00,11.00,11.00,11.000000000000000000,50,1,550.00,50,100.00,0.00,0.00
1-January-2018,11.00,11.00,11.00,11.00,11.000000000000000000,10,1,110.00,10,100.00,0.00,0.00
21-December-2017,11.00,11.00,11.00,11.00,11.000000000000000000,1,1,11.00,1,100.00,0.00,0.00
6-November-2017,11.00,11.00,11.00,11.00,11.000000000000000000,25,3,275.00,25,100.00,0.00,0.00
6-October-2017,11.57,11.57,11.57,11.57,11.570000000000000000,400,2,4628.00,400,100.00,0.00,0.00
7-September-2017,11.02,11.02,11.02,11.02,11.020000000000000000,500,1,5510.00,500,100.00,0.00,0.00
21-August-2017,10.50,10.50,10.50,10.50,10.498823529411764705,425,5,4462.00,425,100.00,0.00,0.00
7-August-2017,10.00,10.00,10.00,10.00,10.000000000000000000,3,2,30.00,3,100.00,0.00,0.00
13-July-2017,10.00,10.00,10.00,10.00,10.000000000000000000,20,1,200.00,20,100.00,0.00,0.00
14-June-2017,10.11,10.11,10.11,10.11,10.106666666666666666,150,2,1516.00,150,100.00,0.00,0.00
13-June-2017,10.11,10.11,10.11,10.11,10.110000000000000000,100,1,1011.00,100,100.00,0.00,0.00
7-March-2017,10.64,10.64,10.64,10.64,10.600000000000000000,20,1,212.00,20,100.00,0.00,0.00
6-March-2017,10.64,10.64,10.64,10.64,10.333333333333333333,3,1,31.00,3,100.00,0.00,0.00
28-February-2017,11.20,11.20,11.20,11.20,11.200000000000000000,180,1,2016.00,180,100.00,0.00,0.00
13-February-2017,11.25,11.25,11.25,11.25,11.000000000000000000,1,1,11.00,1,100.00,0.00,0.00
8-November-2016,11.50,11.50,11.50,11.50,11.500000000000000000,100,1,1150.00,100,100.00,0.00,0.00
4-November-2016,11.50,11.50,11.50,11.50,11.500000000000000000,100,1,1150.00,100,100.00,0.00,0.00
2-November-2016,12.05,12.05,12.05,12.05,12.047808764940239043,251,2,3024.00,251,100.00,0.00,0.00
27-October-2016,12.65,12.65,12.65,12.65,12.649006622516556291,604,2,7640.00,604,100.00,0.00,0.00
25-October-2016,13.30,13.30,13.30,13.30,13.300000000000000000,500,2,6650.00,500,100.00,0.00,0.00
18-October-2016,14.00,14.00,14.00,14.00,14.000000000000000000,201,2,2814.00,201,100.00,0.00,0.00
17-October-2016,14.00,14.00,14.00,14.00,14.000000000000000000,100,2,1400.00,100,100.00,0.00,0.00
14-October-2016,14.70,14.70,14.70,14.70,14.700000000000000000,200,2,2940.00,200,100.00,0.00,0.00
13-October-2016,15.45,15.45,15.45,15.45,15.450000000000000000,600,5,9270.00,600,100.00,0.00,0.00
6-October-2016,16.25,16.25,16.25,16.25,16.249500998003992015,501,1,8141.00,501,100.00,0.00,0.00
4-October-2016,17.10,17.10,17.10,17.10,17.100000000000000000,250,1,4275.00,250,100.00,0.00,0.00
29-September-2016,18.75,18.75,17.10,17.10,17.435643564356435643,101,3,1761.00,101,100.00,1.65,-1.65
26-September-2016,18.45,18.45,16.90,18.00,17.711111111111111111,225,4,3985.00,225,100.00,1.55,-0.45
23-September-2016,17.60,17.60,17.60,17.60,17.000000000000000000,1,1,17.00,1,100.00,0.00,0.00
22-September-2016,16.80,16.80,16.80,16.80,16.000000000000000000,1,1,16.00,1,100.00,0.00,0.00
20-September-2016,16.20,16.20,14.66,16.10,14.823008849557522123,226,3,3350.00,226,100.00,1.54,-0.10
19-September-2016,15.43,15.43,15.43,15.43,15.000000000000000000,1,1,15.00,1,100.00,0.00,0.00
15-September-2016,14.70,14.70,14.70,14.70,14.000000000000000000,1,1,14.00,1,100.00,0.00,0.00
14-September-2016,14.00,14.00,14.00,14.00,14.000000000000000000,10,1,140.00,10,100.00,0.00,0.00
9-September-2016,12.79,14.00,12.79,14.00,13.032000000000000000,125,2,1629.00,125,100.00,1.21,1.21
6-September-2016,13.46,13.46,13.46,13.46,13.000000000000000000,2,1,26.00,2,100.00,0.00,0.00
2-September-2016,14.16,14.16,14.16,14.16,14.160000000000000000,100,1,1416.00,100,100.00,0.00,0.00
1-September-2016,14.16,14.90,14.16,14.90,14.188461538461538461,260,2,3689.00,260,100.00,0.74,0.74
31-August-2016,14.90,14.90,14.90,14.90,14.900000000000000000,500,1,7450.00,500,100.00,0.00,0.00
30-August-2016,15.65,15.65,15.65,15.65,15.650000000000000000,500,1,7825.00,500,100.00,0.00,0.00
24-August-2016,16.45,16.45,16.45,16.45,16.450000000000000000,500,1,8225.00,500,100.00,0.00,0.00
19-August-2016,17.30,17.30,17.30,17.30,17.300000000000000000,500,1,8650.00,500,100.00,0.00,0.00
26-July-2016,16.65,18.20,16.65,18.20,16.960000000000000000,250,2,4240.00,250,100.00,1.55,1.55
25-July-2016,16.65,17.50,16.65,17.50,16.727272727272727272,550,2,9200.00,550,100.00,0.85,0.85
22-July-2016,16.10,17.50,16.10,17.50,16.227272727272727272,550,2,8925.00,550,100.00,1.40,1.40
21-July-2016,16.50,16.90,16.10,16.90,16.420000000000000000,750,6,12315.00,750,100.00,0.80,0.40
18-July-2016,16.90,16.90,16.90,16.90,16.900000000000000000,10,1,169.00,10,100.00,0.00,0.00
30-June-2016,16.95,16.95,16.95,16.95,16.000000000000000000,1,1,16.00,1,100.00,0.00,0.00
28-June-2016,16.15,16.15,16.15,16.15,16.000000000000000000,1,1,16.00,1,100.00,0.00,0.00
1-June-2016,17.00,17.00,15.40,15.40,16.200000000000000000,200,5,3240.00,200,100.00,1.60,-1.60
18-December-2015,15.20,16.80,15.20,16.20,16.170731707317073170,41,2,663.00,41,100.00,1.60,1.00
17-December-2015,17.60,17.60,16.00,16.00,16.000998003992015968,1002,4,16033.00,1002,100.00,1.60,-1.60
15-December-2015,16.80,16.80,16.80,16.80,16.769230769230769230,26,2,436.00,26,100.00,0.00,0.00
24-September-2015,16.00,16.00,16.00,16.00,16.000000000000000000,1,1,16.00,1,100.00,0.00,0.00
5-August-2015,16.70,16.70,16.70,16.70,16.700000000000000000,310,2,5177.00,310,100.00,0.00,0.00
1-June-2015,15.95,15.95,15.95,15.95,15.941176470588235294,51,2,813.00,51,100.00,0.00,0.00
23-March-2015,16.75,16.75,16.75,16.75,16.720000000000000000,25,6,418.00,25,100.00,0.00,0.00
18-March-2015,17.60,17.60,17.60,17.60,17.600000000000000000,50,2,880.00,50,100.00,0.00,0.00
23-February-2015,16.80,18.50,16.80,18.50,16.826229508196721311,305,10,5132.00,305,100.00,1.70,1.70
16-January-2015,19.20,19.20,17.50,17.65,17.642384105960264900,151,6,2664.00,151,100.00,1.70,-1.55
12-January-2015,18.30,18.30,18.30,18.30,18.000000000000000000,1,2,18.00,1,100.00,0.00,0.00
8-January-2015,17.50,17.50,17.50,17.50,17.000000000000000000,1,2,17.00,1,100.00,0.00,0.00
7-January-2015,17.40,17.40,15.85,16.70,15.946428571428571428,56,6,893.00,56,100.00,1.55,-0.70
6-January-2015,16.65,16.65,16.65,16.65,16.000000000000000000,1,2,16.00,1,100.00,0.00,0.00
5-January-2015,15.90,15.90,15.90,15.90,15.000000000000000000,1,2,15.00,1,100.00,0.00,0.00
